{
  "t": 0,
  "\u0283": 1,
  "\u00e6": 2,
  "p": 3,
  "\u025a": 4,
  "w": 5,
  "\u025b": 6,
  "n": 7,
  "i": 8,
  "s": 9,
  "v": 10,
  "\u0259": 11,
  "m": 12,
  "e\u026a": 13,
  "d": 14,
  "\u0292": 15,
  "\u026a": 16,
  "f": 17,
  "o\u028a": 18,
  "\u00f0": 19,
  "u\u02d0": 20,
  "k": 21,
  "a\u026a": 22,
  "b": 23,
  "\u0261": 24,
  "j": 25,
  "\u028a\u0279": 26,
  "\u0251": 27,
  "\u0279": 28,
  "l": 29,
  "\u014b": 30,
  "\u028c": 31,
  "z": 32,
  "\u028a": 33,
  "\u0254\u02d0": 34,
  "\u0254": 35,
  "h": 36,
  "\u0251\u02d0": 37,
  "o": 38,
  "\u027e": 39,
  "i\u0259": 40,
  "a\u028a": 41,
  "\u03b8": 42,
  "\u0254\u026a": 43
}